input,label
target > toys > dolls > mini-dolls & playsets,rest
target > beauty > makeup > eyes > eyeshadow,rest
"target > movies, music & books > music > pop",music
 online shopping  >  office supplies  >  office electronics  >  printers & supplies  >  laser toner cartridges ,rest
books > politics & social sciences > politics & government > specific topics > labor & industrial relations,books
kindle store > kindle ebooks > mystery thriller & suspense > mystery,books
 worldstock fair trade  >  world jewelry  >  handmade jewelry  >  bracelets ,rest
clothing shoes & jewelry > women > shops > petite > dresses > wedding > bridesmaid dresses,rest
tools & home improvement > lighting & ceiling fans,rest
computers & tablets > accessories > cables & connectors > network cables,rest
home & kitchen > kitchen & dining > dining & entertaining > cups mugs & saucers > coffee cups & mugs,rest
 home  >  decor  >  curtains & window treatments  >  blinds & shades ,rest
music on cd or vinyl > rock music on cd or vinyl > rock music on vinyl records,music
books,books
books & media > books > travel books > united states,books
books > computers & technology > networking & cloud computing > networks protocols & apis > networks,books
target > home > home d?cor > rugs > accent rugs,rest
sports & outdoors > outdoor recreation > accessories > sports medicine > braces splints & slings > arm hand & finger supports > hand & wrist braces,rest
toys & games,rest
 online shopping  >  home & garden  >  kitchen & dining  >  cookware  >  specialty cookware ,rest
target > shoes > women's shoes > mules & clogs,rest
home > decor > lighting & light fixtures > ceiling fixtures,rest
books & media > books > children's books > science & nature,books
target > shoes > women's shoes > sandals > footbed sandals,rest
home > clyde robert bulla,books
best buy > cell phones > cell phone accessories > iphone accessories > iphone cases & clips > iphone 5s cases,rest
clothing & shoe store > men's activewear > athletic clothing > shirts,rest
best buy > audio > portable & wireless speakers > wireless & bluetooth speakers,rest
home > decor > lighting & light fixtures > wall fixtures,rest
"target > movies, music & books > music > latin",music
music on cd or vinyl > r&b > soul music on cd or vinyl > r&b > r&b > soul,music
target > clothing > women's clothing > sweaters,rest
best buy > home > home automation & security > security cameras & systems > security cameras,rest
movies & tv > tv shows > documentaries,videos
home > furniture > office furniture > office chairs,rest
music,music
target > liz lange > tops,rest
music on cd or vinyl > rock music on cd or vinyl > alternative rock music on cd or vinyl,music
online shopping >  clothing & shoes >  shoes >  men's shoes >  sneakers,rest
books,books
office products > office & school supplies > forms recordkeeping & money handling > human resources forms > medical & insurance forms,rest
tools & home improvement > hardware > cabinet hardware > pulls,rest
office > office supplies > labels & stickers,rest
 online shopping  >  bedding & bath  >  sheets & pillowcases  >  sheets ,rest
best buy > computers & tablets > computer cards & components > memory ram  > desktop memory,rest
tools & home improvement > building supplies > building materials > doors > garage doors openers & parts > hardware,rest
 online shopping  >  main street revolution  >  home decor  >  decorative accessories  >  accent pieces ,rest
electronics,rest
music,music
best buy > computers & tablets > desktop & all-in-one computers > all desktops > towers only,rest
target > clearance > mens > clothing,rest
beauty & personal care > makeup > nails > nail art,rest
target > home > home decor > rugs > area rugs,rest
pet supply store > pet toys > pet toys,rest
books,books
"target > movies, music & books > music > pop",music
books > literature & fiction > world literature,books
best buy > computers & tablets > computer cards & components > memory ram  > desktop memory,rest
"target > movies, music & books > books > see more genres > business & law",books
books > history > world,books
,books
target > home > home decor > rugs > area rugs,rest
 home  >  decor  >  curtains & window treatments  >  blinds & shades ,rest
"target > movies, music & books > books > fiction & literature > comics & graphic novels",books
target > furniture > bedroom furniture > headboards,rest
grocery & gourmet food > herbs spices & seasonings > mixed spices & seasonings,rest
books & media > books > nature & outdoors books > general nature,books
best buy > computers & tablets > computer cards & components > memory ram  > laptop memory,rest
books & media > books > religion & spirituality books > general religion,books
"target > movies, music & books > movies > see more genres",videos
 home  >  decor  >  curtains & window treatments  >  blinds & shades ,rest
target > holiday > mother's day,rest
 home  >  decor  >  curtains & window coverings  >  window blinds ,rest
hobbies & collectibles,rest
books > humor & entertainment > humor > essays,books
target > merona for men > pants & jeans,rest
 home  >  decor  >  curtains & window treatments  >  blinds & shades ,rest
automotive > motorcycle & powersports > parts > engine,rest
patio lawn & garden > outdoor décor > flags,rest
books & media > books > children's books > young adult,books
clothing > industrial workwear > professional uniforms,rest
"target > movies, music & books > movies > drama",videos
 jewelry & watches  >  jewelry  >  wedding rings  >  engagement rings ,rest
party & occasions > crafts > scrapbooking & paper crafts,rest
 home  >  furniture  >  bedroom furniture  >  vanities & vanity stools ,rest
music,music
bedding & bath store > bath & towels > towels > beach towels,rest
target > clothing > women's clothing > activewear > sports bras > medium impact,rest
target > home > home d?cor > rugs > runners,rest
"target > movies, music & books > books > kids' books",books
clothing shoes & jewelry > novelty & more > clothing > novelty > girls > tops & tees > t-shirts,rest
best buy > cell phones > cell phone accessories > cell phone cases & clips,rest
target > clearance > clothing & accessories clearance > men's clothing clearance,rest
books > art music & photography > photography,books
best buy > computers & tablets > computer accessories & peripherals > mice & keyboards > mice > wired & usb mice,rest
movies & tv > instawatch movies by vudu > shop instawatch > pre-recorded media,videos
"target > movies, music & books > movies > comedy",videos
"herman, gail",books
digital music > songs > country,music
target > school & office supplies > filing > files,rest
"target > movies, music & books > music > jazz",music
best buy > computers & tablets > desktop & all-in-one computers > all desktops > refurbished desktops,rest
health & household > health care > first aid > bandages & dressings > first aid tape,rest
patio & garden > grills & outdoor cooking > outdoor cooking > serving carts & coolers,rest
books > textbooks > science-other,books
health > home health care > daily living aids,rest
clothing & shoe store > men's activewear > athletic clothing > shorts,rest
 online shopping  >  clothing & shoes  >  women's clothing  >  dresses  >  casual dresses ,rest
"target > movies, music & books > books > religion",books
clothing & shoe store > men's clothing store > shirts > men's t-shirts,rest
target > clothing > women's clothing > intimates > bras > demi,rest
beauty & personal care > skin care > sunscreens & tanning products,rest
target > pets > dog supplies > collars & leashes,rest
target > patio & garden > lawn & garden > planters & raised beds,rest
 clothing  >  shoes  >  women's shoes  >  slippers ,rest
 home  >  decor  >  curtains & window treatments  >  blinds & shades ,rest
clothing shoes & jewelry > boys > shoes > sneakers,rest
target > clothing > women's clothing > activewear > sports bras > medium impact,rest
automotive > replacement parts > brake system > brake kits,rest
books,books
toys & games,rest
"target > movies, music & books > movies > action & adventure",videos
"target > movies, music & books > music > r&b",music
best buy > office > office & school supplies > binders folders & filing,rest
best buy > home > household essentials > luggage bags & travel > luggage,rest
best buy > cell phones > cell phone accessories > cell phone cases & clips,rest
movies & tv > movies > documentary > military & political,videos
tools & home improvement > electrical > switches > plug-in switches > dimmers,rest
11320,rest
target > home > home d?cor > rugs > runners,rest
"welch, willy",books
target > the wedding shop > bridesmaid dresses,rest
automotive > replacement parts > brake system > brake pads,rest
"target > movies, music & books > movies > see more genres",videos
cds & vinyl > classical > cds & vinyl > jazz > avant garde & free jazz > cds & vinyl > pop,music
health & household > household supplies > cleaning tools > gloves > latex gloves,rest
 home  >  decor  >  curtains & window treatments  >  blinds & shades ,rest
home & kitchen > kitchen & dining > water coolers & filters > replacement water filters > replacement faucet water filters,rest
clothing shoes & jewelry > women > shoes > sandals > platforms & wedges,rest
 patio & garden  >  gardening & lawn care  >  pots & planters ,rest
collectibles & fine art > collectible coins > individual coins,rest
target > holiday > halloween > boys' costumes,rest
target > home > dining & entertaining > flatware > flatware sets,rest
books > children's books > literature & fiction > general fiction,books
 home  >  decor  >  curtains & window treatments  >  blinds & shades ,rest
 online shopping  >  jewelry & watches  >  watches  >  women's watches  >  women's lucien piccard watches ,rest
 patio & garden  >  gardening & lawn care  >  pots & planters ,rest
sports & outdoors > fan shop > sports equipment > baseball equipment > baseballs,rest
books & media > books > sports books > football,books
books,books
home & kitchen > kitchen & dining > dining & entertaining > novelty > drinkware > coffee mugs,rest
target > clearance > clothing & accessories > baby & toddler boys' clothing,rest
music,music
books,books
target > clothing > men's clothing > pants,rest
books > health fitness & dieting > diseases & physical ailments > chronic fatigue syndrome & fibromyalgia,books
books > literature & fiction > literary,books
"target > movies, music & books > movies > music",videos
books & media > books > teen & young adult books > choices & transitions,books
 home  >  decor  >  curtains & window treatments  >  blinds & shades ,rest
party & occasions > crafts > scrapbooking & paper crafts,rest
software > business & office > communication > remote access > software > utilities > mobile utilities,rest
best buy > computers & tablets > networking & wireless > routers > wireless routers,rest
target > home > home decor > window treatments > curtains,rest
beauty > fragrances > women's fragrances,rest
home > arthur miller,books
target > baby > nursery > nursery furniture > gliders & ottomans,rest
movies & tv > genre for featured categories > special interests,videos
tools & home improvement > power & hand tools > power tool parts & accessories > saw blades parts & accessories > blades > diamond blades,rest
books & media > books > audio books > fiction,books
electronics > computers & accessories > computer accessories & peripherals > cables & interconnects > ethernet cables > cat 6 cables,rest
movies & tv > movies > music & performance > rock & pop,videos
clothing shoes & jewelry > women > clothing shoes & jewelry > novelty & more > jewelry > earrings,rest
clothing & shoe store > men's clothing store > suits & suit separates > suits,rest
 jewelry & watches  >  jewelry  >  rings  >  diamond rings ,rest
music,music
best buy > office > office & school supplies > printer ink & toner > remanufactured toner,rest
makeup > makeup > face,rest
"target > movies, music & books > movies > see more genres",videos
 home  >  decor  >  curtains & window coverings  >  window blinds ,rest
 clothing & shoes  >  shoes  >  men's shoes  >  slip-ons ,rest
books > comic books & graphic novels > manga > general,books
music on cd or vinyl > vinyl records,music
books & media > books > journals > general,books
"best buy > health, fitness & beauty > assistive technology > vision",rest
 jewelry & watches  >  jewelry  >  men's jewelry  >  men's rings ,rest
"target > movies, music & books > music > electronic & dance",music
books > political & social sciences > social science,books
movies & tv > bbc > all bbc titles > movies & tv > boxed sets > comedy > movies & tv > boxed sets > documentary > movies & tv > boxed sets > drama > movies & tv > boxed sets > television > movies & tv > genre for featured categories > comedy > movies & tv > genre for featured categories > drama > movies & tv > genre for featured categories > fantasy > movies & tv > genre for featured categories > horror > movies & tv > musicals & performing arts > movies & tv > science fiction & fantasy > movies & tv > tv,videos
best buy > computers & tablets > computer cards & components > memory ram  > desktop memory,rest
sports & outdoors > outdoor sports > fishing > boat accessories > life vests,rest
home & kitchen > bedding > duvets covers & sets > duvet cover sets,rest
target > shoes > women's shoes > sneakers,rest
music,music
 home  >  decor  >  curtains & window treatments  >  blinds & shades ,rest
music,music
books > textbooks > medical > specialties,books
"target > movies, music & books > books > health & fitness",books
clothing shoes & jewelry > women > jewelry > fashion > bracelets > cuff,rest
,books
sports & outdoors > outdoor recreation > camping & hiking,rest
target > clothing > boys' clothing > bottoms > pants,rest
movies & tv > 4k ultra hd movies,videos
target > home > bath > bath towels,rest
 home  >  decor  >  curtains & window coverings  >  window blinds ,rest
music,music
best buy > batteries & power,rest
best buy > office > office & school supplies > binders folders & filing,rest
movies & tv > instawatch movies by vudu > shop instawatch,videos
"weldon, fay",books
11320,rest
digital music > songs > alternative rock,music
movies & tv > tv shows > documentaries,videos
tools & home improvement > lighting & ceiling fans > outdoor lighting > flood & security lights,rest
best buy > audio > headphones > earbud & in-ear headphones,rest
clothing shoes & jewelry > men > clothing > shirts > polos,rest
tools & home improvement > power & hand tools > hand tools > screwdrivers & nut drivers > nut drivers,rest
best buy > cameras & camcorders > memory cards & readers > secure digital sd ,rest
"target > movies, music & books > books > see more genres > art, photography & design",books
office products > office electronics > video projectors & accessories > video projector accessories > lamps,rest
"target > movies, music & books > books > fiction & literature",books
"target > movies, music & books > books > kids' books",books
home & kitchen > kitchen & dining > kitchen utensils & gadgets > salt & pepper > salt shakers,rest
target > clothing > toddler boys' clothing > swimwear,rest
digital music > songs > alternative rock,music
home goods > home decor store > area rugs store > 5x8 - 6x9 rugs,rest
cds & vinyl > classical,music
 online shopping  >  jewelry & watches  >  jewelry  >  wedding rings  >  engagement rings ,rest
"target > movies, music & books > movies > religion",videos
electronics > camera & photo > accessories > batteries & chargers > battery chargers > camera,rest
books & media > books > performing arts books > music,books
 home  >  decor  >  curtains & window treatments  >  blinds & shades ,rest
target > clothing > girls' clothing > outfits,rest
target > beauty > fragrances > women's perfume > target > beauty > fragrances > women's perfume,rest
music on cd or vinyl > pop music on cd or vinyl > pop rock music on cd or vinyl,music
health & personal care > stationery & party supplies > gift wrapping supplies > gift wrap paper,rest
best buy > computers & tablets > laptops > all laptops > pc laptops,rest
 online shopping  >  electronics  >  telephones  >  cordless phones  >  cordless phone batteries ,rest
books > engineering & transportation > automotive > buyers' guides,books
"target > movies, music & books > music > rock",music
11320,rest
books > mystery & suspense > women sleuths,books
11320,rest
target > clothing > women's clothing > intimates > bras,rest
"target > movies, music & books > books > see more genres > music & performing arts",books
target > shoes > women's shoes > heels & pumps,rest
books > cooking food & wine > entertaining,books
books > christian books & bibles > literature & fiction,books
electronics > camera & photo > accessories > batteries & chargers > battery chargers > camera,rest
"target > movies, music & books > movies > western",videos
 bedding & bath  >  fashion bedding  >  comforter sets ,rest
best buy > office > office & school supplies > binders folders & filing,rest
"target > movies, music & books > movies > music",videos
video games > playstation 3 > accessories > faceplates protectors & skins > skins,rest
best buy > cameras & camcorders > digital camera accessories > camera lenses > dslr lenses > specialty lenses,rest
tools & home improvement > rough plumbing > faucet parts > faucet o-rings,rest
 home & garden  >  art gallery  >  cuisine  >  canvas ,rest
books & media > books > children's books > animals,books
 online shopping  >  electronics  >  printers & scanners  >  scanners  >  handheld scanners ,rest
books & media > books > social sciences > anthropology,books
movies & tv > blu-ray > science fiction,videos
home improvement > bathroom renovation > bathroom fixtures and materials > indoor tubs and whirlpools > all indoor tubs and whirlpools,rest
books & media > movies > television > mystery & suspense,videos
"target > movies, music & books > books > health & fitness",books
movies & tv > genre for featured categories > drama > movies & tv > genre for featured categories > mystery & thrillers > movies & tv > tv,videos
target > clothing > men's clothing > activewear > shirts,rest
target > clothing > women's clothing > intimates > bras,rest
11320,rest
health > medicine cabinet > hot & cold therapy,rest
best buy > car electronics & gps > car installation parts & accessories > car stereo accessories,rest
movies & tv > genre for featured categories > arts & entertainment > movies & tv > genre for featured categories > performing arts > movies & tv > genre for featured categories > special interests > movies & tv > musicals & performing arts > classical > movies & tv > musicals & performing arts > opera > movies & tv > tv,videos
books > textbooks > medicine & health sciences > veterinary medicine > equine,books
 online shopping  >  home & garden  >  art gallery  >  photography  >  canvas ,rest
target > shoes > women's shoes > flats,rest
movies & tv > blu-ray > movies & tv > blu-ray 3d > movies & tv > blu-ray > movies > movies & tv > fully loaded dvds > dts > movies & tv > genre for featured categories > action & adventure > movies & tv > genre for featured categories > mystery & thrillers > movies & tv > genre for featured categories > science fiction > movies & tv > movies > movies & tv > science fiction & fantasy > movies & tv > studio specials > 20th century fox home entertainment > action > general > movies & tv > studio specials > 20th century fox home entertainment > all fox titles > movies & tv > studio specials > 20th century fox home entertainment > science fiction > general,videos
tools & home improvement > hardware > mailboxes > mailbox posts,rest
toys & games,rest
toys & games,rest
 home decor rugs area rugs ,rest
best buy > audio > headphones > earbud & in-ear headphones,rest
cds & vinyl > broadway & vocalists > musicals > cds & vinyl > broadway & vocalists > traditional vocal pop > cds & vinyl > jazz > cool jazz > cds & vinyl > jazz > traditional jazz & ragtime > cds & vinyl > jazz > vocal jazz > cds & vinyl > pop > easy listening > cds & vinyl > pop > oldies > traditional pop > cds & vinyl > pop > vocal pop,music
"target > movies, music & books > movies > drama",videos
toys & games,rest
target > clothing > women's clothing > plus size clothing > intimates,rest
automotive > exterior accessories > bumper stickers decals & magnets,rest
home & kitchen > home décor > area rugs runners & pads > area rugs,rest
sports & outdoors > outdoor sports > shooting > shooting accessories > gun holsters,rest
best buy > appliances > irons steamers & sewing machines > sewing machines,rest
 sports & outdoors  >  sports fan shop  >  for the home fan shop  >  kitchen & dining fan shop ,rest
books & media > movies > drama,videos
pet supplies > pet health supplies > other pet health supplies,rest
music,music
books & media > movies > exercise,videos
books > home hobbies & garden > games & puzzles,books
movies & tv > bbc > all bbc titles > movies & tv > genre for featured categories > comedy > movies & tv > genre for featured categories > drama > movies & tv > genre for featured categories > military & war > movies & tv > genre for featured categories > mystery & thrillers > movies & tv > genre for featured categories > romance > movies & tv > tv,videos
target > shoes > men's shoes > oxfords,rest
movies & tv > boxed sets > sports > movies & tv > genre for featured categories > sports > movies & tv > movies,videos
best buy > office > office & school supplies > printer ink & toner > remanufactured toner,rest
target > clothing > men's clothing > pants > chino pants,rest
books > religion > christianity > education,books
 home  >  decor  >  curtains & window treatments  >  blinds & shades ,rest
 online shopping  >  home & garden  >  home decor  >  area rugs  >  7x9 - 10x14 rugs ,rest
best buy > cell phones > cell phone accessories > cell phone cases & clips,rest
music,music
home & kitchen > vacuums & floor care > steam cleaners steam mops & accessories > steam mops,rest
target > clearance > clothing & accessories clearance > women's clothing clearance > outerwear clearance,rest
target > clothing > men's clothing > activewear > tops,rest
books > history > asia > pakistan,books
baby > bathing & skin care > washcloths & towels > bath & hooded towels,rest
music on cd or vinyl > country music on cd or vinyl > contemporary country music on cd or vinyl > country > country > contemporary country,music
 jewelry & watches  >  jewelry  >  rings  >  gold rings ,rest
best buy > cell phones > cell phone accessories > cell phone cases & clips,rest
collectibles & fine art > sports > trading cards > single cards > base singles,rest
music on cd or vinyl > r&b > soul music on cd or vinyl,music
 online shopping  >  clothing & shoes  >  designer store  >  designer shoes  >  designer women's shoes ,rest
cds & vinyl > broadway & vocalists > cds & vinyl > pop > vocal pop,music
office products > office & school supplies > binders & binding systems > report covers,rest
books & media > books > general,books
"home > brodzinsky, david m.",books
sports & outdoors > sports fan shop > for the home fan shop > furniture fan shop,rest
cds & vinyl > classical > forms & genres > suites,music
target > clothing > men's clothing > pants > chino pants,rest
 home  >  decor  >  curtains & window treatments  >  blinds & shades ,rest
 online shopping  >  home & garden  >  home decor  >  area rugs  >  5x8 - 6x9 rugs ,rest
 online shopping  >  jewelry & watches  >  jewelry  >  rings  >  diamond rings ,rest
target > clothing > women's clothing > intimates > nursing bras & camis,rest
,books
electronics > computers > computer components > graphic cards,rest
home & kitchen > bedding > decorative pillows inserts & covers > pillow covers,rest
movies & tv > tv shows > children & family,videos
target > clothing > women's clothing > intimates > nursing bras & camis,rest
target > shoes > women's shoes > boots > rain boots,rest
"target > movies, music & books > books > see more genres > business & law",books
home goods > art gallery > canvas art > framed canvas,rest
target > clearance > clothing & accessories clearance > women's clothing clearance > tops clearance,rest
 online shopping  >  clothing & shoes  >  shoes  >  women's shoes  >  heels ,rest
 health  >  home health care  >  patient care ,rest
11320,rest
sports & outdoors store > outdoor equipment store > knives & tools > hunting knives,rest
clothing shoes & jewelry > women > accessories > sunglasses & eyewear accessories > sunglasses > clothing shoes & jewelry > men > accessories > sunglasses & eyewear accessories > sunglasses > apparel,rest
toys & games > novelty & gag toys > wind-up toys,rest
toys & games,rest
"home > emery, joy spanabel",books
target > clothing > women's clothing > swimsuits > bikinis,rest
beauty > hair care > hair color,rest
target > clothing > baby clothing > baby girl clothing > bottoms,rest
 patio & garden  >  patio & outdoor decor  >  cushions  >  cushions & pillows ,rest
best buy > cameras & camcorders > digital camera accessories > camera lenses > dslr lenses > short-range zoom lenses,rest
clothing shoes & jewelry > women > clothing > active > active shirts & tees,rest
music,music
home improvement > hardware > hooks > house hooks,rest
books > literature & fiction > drama,books
books,books
best buy > office > office electronics > calculators,rest
books > literature & fiction > united states > books > mystery thriller & suspense > thrillers & suspense > crime > kindle store > kindle ebooks > mystery thriller & suspense > thrillers > crime,books
pets > dogs > training & behavior,rest
home & kitchen > home décor > area rugs runners & pads > area rugs,rest
 home  >  decor  >  curtains & window coverings  >  window blinds ,rest
"target > movies, music & books > music > electronic & dance",music
target > clothing > men's clothing > pants,rest
"target > movies, music & books > music > rock",music
toys & games > action figures & statues > action figures,rest
party & occasions > halloween  > all costumes > all children's halloween costumes > toddler halloween costumes,rest
digital music > songs > classical > instruments > strings,music
clothing shoes & jewelry > women > shoes > loafers & slip-ons,rest
clothing shoes & jewelry › costumes & accessories › kids & baby › boys › costumes,rest
best buy > cell phones > cell phone accessories > cell phone cases & clips,rest
automotive > replacement parts > ignition parts,rest
"home goods > garden & patio > patio furniture > outdoor sofas, chairs & sectionals",rest
books & media > movies > drama,videos
music on cd or vinyl > christian + gospel music on cd or vinyl > gospel music on cd or vinyl > christian > christian > gospel,music
"target > movies, music & books > books > cooking, food & wine",books
cds & vinyl > soundtracks,music
books > arts & photography > graphic design > commercial > illustration,books
beauty & personal care > hair care > conditioner,rest
best buy > computers & tablets > computer accessories & peripherals > mice & keyboards > computer keyboards > wireless & bluetooth keyboards,rest
home page > office > office technology > phones & accessories > all phones,rest
books,books
electronics > accessories & supplies > telephone accessories > handset cords,rest
home > decor > lighting & light fixtures > ceiling fans > ceiling fans,rest
books > textbooks > education,books
home & kitchen > kitchen & dining > cutlery & knife accessories > specialty knives > tomato knives,rest
"home > kitchen & dining > cookware, bakeware & tools > kitchen tools & gadgets",rest
best buy > office > telephones & communication > cordless telephones > expansion handsets,rest
 jewelry & watches  >  jewelry  >  wedding rings  >  engagement rings ,rest
 home  >  decor  >  curtains & window treatments  >  blinds & shades ,rest
clothing & shoes > shoes > men's shoes > boots,rest
clothing & shoes > shoes > women's shoes > flats,rest
clothing & shoe store > women's clothing store > plus sizes > pants & jeans,rest
books & media > books > self-help books > general self-help,books
11320,rest
best buy > computers & tablets > desktop & all-in-one computers > all desktops > towers only,rest
 home  >  decor  >  curtains & window treatments  >  blinds & shades ,rest
toys & games,rest
 home  >  decor  >  curtains & window coverings  >  window blinds ,rest
books > literature & fiction > erotica > romantic > books > romance > time travel > kindle store > kindle ebooks > romance > time travel,books
11320,rest
 jewelry & watches  >  jewelry  >  men's jewelry  >  men's rings ,rest
target > beauty > makeup > lips > lipstick & lipstains,rest
best buy > computers & tablets > laptops > all laptops > pc laptops,rest
best buy > computers & tablets > desktop & all-in-one computers > all desktops > towers only,rest
 clothing  >  intimates & sleepwear  >  bras  >  wire-free bras ,rest
music,music
best buy > video games > pre-owned games,rest
books & media > books > children's books > history,books
 home  >  decor  >  curtains & window treatments  >  blinds & shades ,rest
sports & outdoors > sports fan shop > sports & outdoor play fan shop > sports accessories fan shop,rest
movies & tv > movies > music & performance > classical music,videos
best buy > computers & tablets > computer accessories & peripherals > mice & keyboards > mice > wireless & bluetooth mice,rest
books,books
target > home > bath > bath rugs & toilet covers,rest
best buy > computers & tablets > tablets > all tablets,rest
best buy > car electronics & gps > marine electronics > marine audio > marine subwoofers,rest
books & media > books > fiction books > romance,books
books > history > military,books
 main street revolution  >  home decor  >  wall decor  >  canvas art ,rest
music on cd or vinyl > music dvd's > live concerts > music dvd's > music dvd's > live concerts,music
digital music > songs > classical,music
automotive > motorcycle & powersports > protective gear > helmet accessories,rest
"target > movies, music & books > movies > history & documentary",videos
 office  >  school supplies  >  school furniture & equipment  >  school tables & desks ,rest
movies & tv > blu-ray > mystery & suspense,videos
tools & home improvement > kitchen & bath fixtures > bathroom fixtures > bathroom sinks > vessel sinks,rest
toys & games,rest
home goods > furniture store > bedroom furniture > headboards,rest
11320,rest
target > the wedding shop > bridesmaid dresses,rest
target > home > home decor > window treatments > curtains,rest
target > home > kitchen > cookware > dutch ovens,rest
music on cd or vinyl > pop music on cd or vinyl > adult contemporary music on cd or vinyl,music
timeri murari,books
best buy > audio > headphones > all headphones,rest
music,music
 home  >  decor  >  curtains & window treatments  >  blinds & shades ,rest
clothing & shoes > children's clothing > girls' clothing > girls' sportswear,rest
music on cd or vinyl > rock music on cd or vinyl > rock music on vinyl records,music
music on cd or vinyl > rock music on cd or vinyl > rock music on vinyl records,music
"target > movies, music & books > books > fiction & literature",books
best buy > cell phones > cell phone accessories > cell phone cases & clips,rest
automotive > replacement parts > brake system > master cylinders & parts > master cylinders,rest
11320,rest
books,books
 online shopping  >  luggage & bags  >  bags  >  travel tote bags ,rest
 party & occasions  >  crafts  >  art supplies ,rest
music,music
"clothing & shoe store > shoes > slippers, socks & hosiery > socks",rest
home > decor > lighting & light fixtures > lamps > lamp sets,rest
best buy > home > household essentials > luggage bags & travel > luggage,rest
best buy > audio > portable & wireless speakers > wireless & bluetooth speakers,rest
cds & vinyl > pop > cds & vinyl > rock > oldies & retro > surf rock,music
home > kitchen & dining > kitchen storage & organization > food storage,rest
best buy > audio > bluetooth & wireless speakers,rest
best buy > home > home automation & security > security cameras & systems > security cameras,rest
"target > movies, music & books > movies > animation",videos
"target > movies, music & books > music > jazz",music
sports collectibles > bats,rest
automotive > replacement parts > ignition parts > distributors & parts > distributor caps,rest
target > health > health care uniforms,rest
clothing shoes & jewelry > women > shoes > flats,rest
target > clothing > women's clothing > activewear > tops > tanks,rest
books > home hobbies & garden > crafts > crafts for children,books
movies & tv > movies > mystery & suspense > crime,videos
cds & vinyl > metal > british metal > cds & vinyl > metal > pop metal > cds & vinyl > pop > cds & vinyl > rock > cds & vinyl > world music > europe > british isles > britain,music
sports & outdoors > outdoor recreation > cycling > clothing,rest
"target > movies, music & books > music > see more genres",music
best buy > cell phones > cell phone accessories > screen protectors,rest
books,books
target > clothing > baby & toddler girls' clothing > tops > graphic tees,rest
 electronics  >  computers  >  computer accessories  >  audio & video components ,rest
books,books
11320,rest
best buy > cell phones > cell phone accessories > photography accessories > selfie-sticks,rest
best buy > appliances > microwaves > all microwaves,rest
movies & tv > tv shows > action & adventure > tv shows > tv shows > action & adventure,videos
home > decor > rugs > runners,rest
target > accessories > men's accessories > men's jewelry > rings,rest
cds & vinyl > pop > euro pop > french pop,music
best buy > cell phones > cell phone accessories > cell phone cases & clips,rest
best buy > computers & tablets > computer accessories & peripherals > surge protectors & power > power & extension cords,rest
 online shopping  >  jewelry & watches  >  jewelry  >  rings  >  cubic zirconia rings ,rest
digital music > songs > christian > accompaniment,music
home > john hedderson and melinda fisher,books
"target > movies, music & books > movies > music",videos
home & kitchen > kitchen & dining > dining & entertaining > cups mugs & saucers > coffee cups & mugs,rest
best buy > appliances > small kitchen appliances > meat slicers & grinders,rest
home & kitchen > home décor > area rugs runners & pads > area rugs,rest
target > home > home décor > rugs > area rugs,rest
best buy > appliances > refrigerators > all refrigerators,rest
movies & tv > movies > action & adventure > action classics,videos
sports & outdoors store > toys & hobby store > pretend play > dress up,rest
target > clothing > men's clothing > activewear > bottoms,rest
 home  >  decor  >  curtains & window coverings  >  window blinds ,rest
best buy > computers & tablets > computer cards & components > gpus video graphics cards > pci express graphics cards,rest
 home & garden  >  furniture  >  bedroom furniture  >  headboards ,rest
music,music
"target > movies, music & books > movies > music",videos
home & kitchen > home décor > home décor accents > sculptures > statues,rest
clothing > girls > girls' sweaters,rest
 bedding & bath  >  sheets & pillowcases  >  sheets ,rest
toys & games,rest
 target  >  clothing  >  women's clothing  >  sleepwear pajamas & robes  >  robes ,rest
best buy > computers & tablets > networking & wireless > networking accessories,rest
 home  >  decor  >  curtains & window coverings  >  window blinds ,rest
movies & tv > movies,videos
home & kitchen > seasonal décor > ornaments,rest
music on cd or vinyl > world music > reggae,music
 home  >  decor  >  curtains & window treatments  >  blinds & shades ,rest
target > furniture > bedroom furniture > beds,rest
"target > movies, music & books > movies > kids' & family",videos
books,books
"target > movies, music & books > music > classical",music
cell phones & accessories > accessories > screen protectors > wireless-prepaid,rest
books,books
digital music > songs > pop,music
 home  >  kitchen & dining  >  kitchen storage & organization  >  trash cans & recycle bins ,rest
books > textbooks > technology,books
 clothing  >  men  >  men's bottoms  >  men's pants ,rest
"james, betsy",books
home goods > home improvement store > tubs > bathtub accessories,rest
best buy > home > household essentials > flashlights & portable lights,rest
home & kitchen > wall art > posters & prints,rest
target > clothing > men's clothing > jeans,rest
home & kitchen > wall art > paintings,rest
movies & tv > tv shows > anime & animation > anime for children,videos
"target > movies, music & books > books > biography & autobiography",books
music on cd or vinyl > pop music on cd or vinyl > pop rock music on cd or vinyl,music
 clothing  >  shoes  >  women's shoes  >  all women's shoes ,rest
best buy > computers & tablets > computer accessories & peripherals > laptop accessories > laptop bags & cases,rest
best buy > computers & tablets > tablets > all tablets,rest
 home decor art & wall decor canvas wall art ,rest
 home  >  decor  >  rugs  >  area rugs ,rest
"target > movies, music & books > movies > drama",videos
movies & tv > movies > classics > classic dramas,videos
best buy > appliances > heating cooling & air quality > heaters,rest
clothing shoes & jewelry > women > clothing > tops & tees > polos,rest
 clothing & shoes  >  shoes  >  women's shoes  >  sandals ,rest
"target > movies, music & books > music > classical",music
health > vitamins > vitamins,rest
 online shopping  >  clothing & shoes  >  handbags  >  shop by style  >  shoulder bags  >  dasein ,rest
best buy > computers & tablets > computer accessories & peripherals > hard drives > solid state drives,rest
jewelry & watches > jewelry > children's jewelry > children's bracelets,rest
target > clothing > women's clothing > intimates > bras > full coverage,rest
books,books
books > children's books > 5 - 7 years,books
clothing & shoe store > shoes > men's shoes > oxfords,rest
sports & outdoors > outdoor sports > shooting > shooting accessories > gun holsters,rest
home goods > kitchen & dining > serveware > serving platters & trays,rest
best buy > appliances > small kitchen appliances > coffee tea & espresso > espresso machines > electric espresso machines,rest
sports & outdoors > sports & fitness > team sports > lacrosse > protective gear > arm guards,rest
home > bedding > decorative pillows,rest
"target > movies, music & books > movies > action & adventure",videos
home goods > furniture store > bedroom furniture > beds,rest
"emmott, catherine",books
target > clothing > women's clothing > tops > shirts & blouses > sleeveless,rest
music,music
movies & tv > dvd > romance,videos
best buy > computers & tablets > computer accessories & peripherals > cables & connectors > usb cables & hubs,rest
movies & tv > genre for featured categories > action & adventure > movies & tv > genre for featured categories > comedy > movies & tv > genre for featured categories > foreign films > movies & tv > movies > movies & tv > studio specials,videos
patio & garden > gardening & lawn care > gardening > pots & planters > garden planters,rest
music on cd or vinyl > christian + gospel music on cd or vinyl > gospel music on cd or vinyl,music
books,books
 clothing  >  intimates & loungewear  >  bras  >  push-up bras ,rest
target > home > home d?cor > home accents > sculptures & figurines,rest
target > clothing > school uniforms > boys' uniforms > boys' bottoms,rest
health > medicine cabinet > braces & supports,rest
target > shoes > women's shoes > boots > riding boots,rest
 home  >  decor  >  curtains & window coverings  >  window blinds ,rest
electronics > accessories & supplies > telephone accessories > batteries,rest
cds & vinyl > classical > chamber music > cds & vinyl > classical > forms & genres > concertos > cds & vinyl > classical > forms & genres > scherzo > cds & vinyl > classical > symphonies,music
target > clothing > boys' clothing > activewear > bottoms,rest
"target > movies, music & books > movies > music",videos
clothing & shoe store > women's clothing store > tops > long sleeve shirts,rest
best buy > audio > home audio > speakers > speaker systems,rest
music on cd or vinyl > jazz music on cd or vinyl > traditional jazz music on cd or vinyl,music
home & kitchen > home décor > candles & holders > candles > scented candles,rest
"best buy > cell phones > cell phone accessories > adapters, cables & chargers",rest
music on cd or vinyl > music dvd's > live concerts > music dvd's > music dvd's > live concerts,music
electronics > home audio > speakers,rest
target > clothing > men's clothing > activewear > bottoms,rest
best buy > connected home & housewares > office electronics > shredders,rest
books,books
toys & games,rest
books & media > movies > drama,videos
books,books
 online shopping  >  jewelry & watches  >  jewelry  >  wedding rings  >  wraps & guards ,rest
electronics > accessories & supplies > cord management > cable ties,rest
target > clothing > women's clothing > activewear > sports bras > high impact,rest
music on cd or vinyl > children's music on cd or vinyl > children's music > children's music > children's music > children's general,music
"target > movies, music & books > music > r&b",music
 bedding & bath  >  fashion bedding  >  quilts & bedspreads  >  quilts ,rest
target > home > home d?cor > rugs > runners,rest
music on cd or vinyl > jazz music on cd or vinyl > vocal jazz music on cd or vinyl,music
 health & beauty  >  holistic supplies  >  jewelry & crystals  >  magnetic jewelry ,rest
best buy > computers & tablets > networking & wireless > ethernet hubs & switches,rest
clothing & shoe store > shoes > boys' shoes > loafers,rest
newsstand,rest
electronics > camera & photo > bags & cases > camera cases,rest
best buy > computers & tablets > ipad & tablet accessories > ipad accessories > ipad cases covers & keyboard folios,rest
"target > movies, music & books > movies > drama",videos
health > home health care > bathroom scales > mechanical scales > bathroom renovation > bathroom renovation > bathroom accessories and hardware,rest
movies & tv > genre for featured categories > comedy > movies & tv > genre for featured categories > drama > movies & tv > studio specials > warner home video > all titles > movies & tv > studio specials > warner home video > comedy > movies & tv > studio specials > warner home video > drama > movies & tv > studio specials > warner home video > television > movies & tv > tv,videos
books & media > movies > comedy > comedy,videos
automotive > replacement parts > lighting & electrical > electrical,rest
books > home hobbies & garden > interior design,books
"target > movies, music & books > movies > action & adventure",videos
books > business & money > processes & infrastructure > organizational learning,books
clothing & shoe store > men's activewear > athletic clothing > shorts,rest
health & household > household supplies > household batteries > 12v,rest
 online shopping  >  jewelry & watches  >  jewelry  >  wedding rings  >  men's wedding bands ,rest
worldstock fair trade > world jewelry > handmade jewelry > handmade earrings,rest
books & media > movies > music videos/concerts,videos
 home  >  decor  >  curtains & window treatments  >  blinds & shades ,rest
target > clothing > men's clothing > big & tall > big & tall pants,rest
"target > movies, music & books > books > see more genres > politics & current events",books
 sports & outdoors  >  outdoor sports  >  fishing  >  boat accessories  >  boat covers ,rest
sports & outdoors > outdoor recreation > cycling > bikes > mountain bikes,rest
movies & tv > genre for featured categories > sports > movies & tv > movies,videos
best buy > computers & tablets > computer accessories & peripherals > cables & connectors > network cables,rest
music,music
 online shopping  >  bedding & bath  >  blankets & throws  >  throws ,rest
"target > movies, music & books > music > classical",music
movies & tv > dvd > anime,videos
target > shoes > women's shoes > boots > riding boots,rest
home & kitchen > artwork > posters & prints,rest
books & media > movies > drama,videos
music on cd or vinyl > rock music on cd or vinyl > alternative rock music on cd or vinyl,music
 home  >  decor  >  art & wall decor  >  prints ,rest
,books
patio lawn & garden > outdoor power tools > replacement parts & accessories > lawn mower parts & accessories > lawn mower replacement parts,rest
home > bedding > basic bedding > basic bed pillows,rest
target > clothing > women's clothing > pants,rest
best buy > health fitness & beauty > personal care & beauty > hair care > curling irons,rest
"target > movies, music & books > books > crafts & hobbies",books
books > children's books > people & places > biography & memoir,books
movies & tv > genre for featured categories > documentary > movies & tv > genre for featured categories > military & war > movies & tv > indie & art house > movies & tv > movies,videos
best buy > appliances > microwaves > all microwaves,rest
pet supplies > cats > beds & furniture > beds & sofas > beds,rest
industrial & scientific > industrial electrical > wiring & connecting > connectors > circular connectors > cylindrical connectors,rest
automotive > interior accessories > seat covers & accessories > seat covers > custom fit,rest
electronics > computers & accessories > networking products > network adapters,rest
best buy > cell phones > cell phone accessories > cell phone cases & clips,rest
books & media > books > science books > general science,books
movies & tv > blu-ray > kids & family,videos
household essentials > cleaning supplies > all-purpose cleaners,rest
books & media > movies > award winning,videos
 home & garden  >  home improvement  >  showers  >  shower doors ,rest
"target > movies, music & books > movies > drama",videos
cds & vinyl > comedy & spoken word > comedic music > cds & vinyl > metal > pop metal > cds & vinyl > metal > thrash & speed metal > cds & vinyl > pop > cds & vinyl > rock,music
 clothing  >  shoes  >  baby & kids shoes  >  baby & toddler shoes ,rest
home > decor > lighting & light fixtures > ceiling fans > ceiling fans,rest
target > clothing > women's clothing > intimates > bras,rest
clothing & shoe store > women's clothing store > tops > long sleeve shirts,rest
home goods > home decor store > decorative accessories > doormats,rest
target > pets > dog supplies > apparel,rest
"target > clothing > women's clothing > sleepwear, pajamas & robes > bottoms > pants",rest
books > business & investing > general,books
home > decor > art & wall decor > prints,rest
home improvement > tools > hand tools > ratchets and sockets,rest
beauty & personal care > skin care > body > scrubs & body treatments,rest
books > children's books > education & reference > law & crime,books
books,books
clothing shoes & jewelry > men > shoes > sandals,rest
books & media > books > children's books > biography,books
books > art music & photography > architecture & design,books
books > children's books > 3 - 4 years > children's books > children's books > 3 - 4 years,books
music,music
 main street revolution  >  home decor  >  wall decor  >  canvas art ,rest
best buy > cell phones > cell phone accessories > cell phone cases & clips,rest
clothing > women > women's tops & t-shirts > women's t-shirts,rest
books & media > books > fiction books > science fiction & fantasy,books
digital music > songs > miscellaneous > holiday,music
best buy > cell phones > all cell phones with plans,rest
 jewelry & watches  >  jewelry  >  rings  >  diamond rings ,rest
home > keith maillard,books
target > clothing > women's clothing > dresses > casual,rest
electronics > computers & accessories > computer components > graphics cards,rest
 online shopping  >  electronics  >  home theater & audio  >  mp3 players & ipods  >  mp3 players ,rest
 home  >  decor  >  curtains & window treatments  >  blinds & shades ,rest
best buy > computers & tablets > computer accessories & peripherals > computer speakers,rest
best buy > computers & tablets > computer accessories & peripherals > cables & connectors > network cables,rest
toys & games,rest
 home  >  decor  >  curtains & window treatments  >  blinds & shades ,rest
target > clothing > women's clothing > juniors > juniors' tops > tees & tanks > graphic,rest
books,books
best buy > computers & tablets > computer cards & components > interface add-on cards,rest
11320,rest
target > clothing > boys' clothing > tops > tees & tanks,rest
home goods > home decor store > area rugs store > 5x8 - 6x9 rugs,rest
tools & home improvement > kitchen & bath fixtures > bathroom fixtures > bathroom sink faucets > bathroom sink faucet replacement parts,rest
clothing & shoe store > women's clothing store > plus sizes > dresses,rest
home > decor > rugs > area rugs,rest
online shopping >  electronics >  telephones >  cell phone accessories >  cases & holders,rest
target > clothing > men's clothing > pants > chino pants,rest
target > clothing > women's clothing > intimates > camis & tanks,rest
books > humor & entertainment > trivia & fun facts,books
target > clearance > clothing & accessories clearance > men's clothing clearance,rest
target > clothing > girls' clothing > bottoms > pants,rest
"target > movies, music & books > books > kids' books",books
11320,rest
toys & games,rest
"target > movies, music & books > music > electronic & dance",music
books > business & investing > general,books
home & garden > furniture > bedroom furniture > headboards,rest
toys > play vehicles trains & remote control > remote control toys,rest
tools & home improvement > hardware > padlocks & hasps > keyed padlocks,rest
books > textbooks > foreign language,books
"target > movies, music & books > movies > see more genres",videos
"target > movies, music & books > movies > kids' & family",videos
books > christian books & bibles > churches & church leadership > church growth,books
movies & tv > blu-ray > movies & tv > blu-ray > tv > movies & tv > fully loaded dvds > dts > movies & tv > genre for featured categories > comedy > movies & tv > genre for featured categories > drama > movies & tv > hbo > all hbo titles > movies & tv > tv,videos
target > clothing > girls' clothing > bottoms > pants,rest
best buy > cell phones > cell phone accessories > cell phone cases & clips,rest
target > sports & outdoors > fan shop > sports automotive,rest
cds & vinyl > christian > pop & contemporary > cds & vinyl > metal > cds & vinyl > pop > vocal pop > cds & vinyl > rock > movies & tv > genre for featured categories > music videos & concerts > movies & tv > tv,music
music,music
books,books
home & garden > home improvement > garage & automotive > car care,rest
target > clothing > school uniforms > boys' uniforms > boys' bottoms,rest
home & kitchen > kitchen & dining > kitchen utensils & gadgets > kitchen accessories > refrigerator magnets,rest
best buy > appliances > small kitchen appliances > coffee tea & espresso > coffee makers > single-serve coffee makers,rest
"target > movies, music & books > movies > romance",videos
target > home > bath > bath towels,rest
target > clothing > women's clothing > intimates > bras,rest
"target > movies, music & books > movies > western",videos
target > clothing > women's clothing > outerwear,rest
jewelry & watches > jewelry > earrings > pearl earrings,rest
best buy > cell phones > cell phone accessories > cell phone batteries & power,rest
best buy > appliances > small kitchen appliances > pots & pans,rest
best buy > computers & tablets > computer accessories & peripherals > hard drives & storage > external hard drives,rest
 home  >  decor  >  curtains & window treatments  >  blinds & shades ,rest
shoes > shoes > girls > sneakers,rest
home & kitchen > home décor > picture frames > poster frames,rest
home > storage & organization > storage > baskets & bins,rest
office products > office electronics > calculators > basic,rest
digital music > songs > gospel,music
best buy > computers & tablets > computer accessories & peripherals > laptop accessories > laptop chargers & adapters,rest
best buy > connected home & housewares > office & school supplies > printer ink & toner > printer ink,rest
"target > movies, music & books > movies > action & adventure",videos
books,books
clothing shoes & jewelry > women > shoes > outdoor > women's > hiking shoes,rest
music on cd or vinyl > pop music on cd or vinyl > easy listening music on cd or vinyl,music
arts crafts & sewing > beading & jewelry making > jewelry making tools & accessories,rest
clothing & shoe store > shoes > women's shoes > sandals,rest
target > clothing > women's clothing > jeans > bootcut jeans,rest
electronics > computers & accessories > networking products > network transceivers,rest
 home  >  decor  >  rugs  >  area rugs ,rest
"target > movies, music & books > books > biography & autobiography",books
cds & vinyl > rock,music
books > art,books
best buy > office > office & school supplies > printer ink & toner > remanufactured toner,rest
books & media > books > children's books > animals,books
tools & home improvement > light bulbs > halogen bulbs,rest
 home decor art & wall decor canvas wall art ,rest
target > shoes > women's shoes > flats,rest
 online shopping  >  electronics  >  home theater & audio  >  car audio & video  >  car amplifiers ,rest
target > grocery & essentials > pasta & noodles > pasta,rest
masako togawa,books
home > norman bridwell,books
movies & tv > genre for featured categories > exercise & fitness > movies & tv > tv,videos
arts crafts & sewing > sewing > trim & embellishments > iron-on transfers,rest
books & media > movies > children's > general children's movies,videos
books > comics & graphic novels > publishers > dc,books
best buy > cameras & camcorders > digital camera accessories > filters & accessories > skylight & uv filters,rest
music on cd or vinyl > rock music on cd or vinyl > rock music on vinyl records,music
movies & tv > tv shows > comedy,videos
target > clothing > baby clothing > baby boy clothing > gift sets,rest
home & kitchen > home décor > slipcovers > table toppers,rest
"target > movies, music & books > books > kids' books",books
books > business & investing > general,books
movies & tv > tv shows > drama > tv shows > tv shows > drama,videos
"target > clothing > women's clothing > sleepwear, pajamas & robes > sets",rest
movies & tv > movies > children & family > family drama,videos
best buy > cell phones > cell phone accessories > iphone accessories > iphone cases & clips > iphone 6 cases,rest
target > kids > girls' shoes > boots > target > kids > girls' shoes > boots,rest
office products > office & school supplies > printer ink & toner > laser printer drums & toner,rest
clothing & shoes > shoes > women's shoes > booties,rest
clothing > juniors > juniors activewear,rest
home goods > home decor store > decorative accessories > throw pillows,rest
 online shopping  >  luggage & bags  >  luggage  >  carry on luggage  >  carry on upright luggage  >  high sierra ,rest
"target > movies, music & books > music > pop",music
automotive > tools & equipment > riveters,rest
music,music
cds & vinyl > dance & electronic > electronica > cds & vinyl > pop > dance pop > music,music
books & media > movies > adult > adult,videos
"target > movies, music & books > books > see more genres > business & law",books
music,music
cds & vinyl > classic rock > southern rock > cds & vinyl > metal > cds & vinyl > rock > hard rock,music
party & occasions > christmas decor > christmas trees,rest
 online shopping  >  sports & toys  >  men's sport clothing  >  men's athletic clothing  >  men's socks ,rest
books,books
linda lael miller,books
music on cd or vinyl > rock music on cd or vinyl > alternative rock music on cd or vinyl,music
books & media > books > general,books
 online shopping  >  home & garden  >  home improvement  >  sinks  >  sink & faucet sets ,rest
 online shopping  >  clothing & shoes  >  shoes  >  women's shoes  >  sandals ,rest
target > home > home decor > decorative storage,rest
11320,rest
personal care > hair care > hair treatments,rest
home > decor > art & wall decor > canvas wall art,rest
toys > arts & crafts for kids > drawing & coloring,rest
beauty > hair treatments,rest
clothing & shoe store > shoes > women's shoes > sandals,rest
best buy > office > telephones & communication > telephone accessories > cordless phone batteries,rest
target > shoes > boys' shoes > boots,rest
clothing > luggage > carry-on luggage,rest
bedding & bath > sheets & pillowcases > pillowcases > pillowcases & shams,rest
 online shopping  >  home & garden  >  art gallery  >  contemporary art  >  canvas ,rest
best buy > computers & tablets > computer cards & components > memory ram  > desktop memory,rest
movies & tv > movies > drama > crime,videos
food > dairy eggs & cheese > yogurt & yogurt drinks,rest
target > shoes > men's shoes > boots,rest
target > home > bedding > sheets & pillowcases,rest
best buy > health fitness & beauty > health & fitness accessories > activity tracker accessories > activity tracker adapters & cables,rest
best buy > computers & tablets > desktop & all-in-one computers > towers only,rest
"best buy > computers & tablets > ipad & tablet accessories > cases, covers & keyboard folios > cases",rest
 home  >  kitchen & dining  >  kitchen storage & organization  >  trash cans & recycle bins ,rest
online shopping >  home & garden >  furniture >  dining room & bar furniture >  bar stools,rest
home & kitchen > kitchen & dining > dining & entertaining > serveware > serving dishes trays & platters > celery pickle & relish dishes,rest
"target > movies, music & books > books > kids' books",books
toys & games > games > trading card games > single cards,rest
home & kitchen > wall art > posters & prints,rest
"target > movies, music & books > music > pop",music
books > art music & photography > architecture & design,books
best buy > computers & tablets > computer cards & components > power supplies,rest
target > clothing > women's clothing > swimsuits > tops > bandeau,rest
 home  >  decor  >  curtains & window coverings  >  window blinds ,rest
best buy > car electronics & gps > car audio > car stereo receivers > in-dash with dvd,rest
hobbies & collectibles,rest
target > home > bedding > duvet covers,rest
books & media > books > business & money books > finance,books
"giff, patricia reilly",books
 home  >  decor  >  curtains & window coverings  >  window blinds ,rest
target > health > personal care > feminine products,rest
 home  >  decor  >  rugs  >  runners ,rest
automotive > replacement parts > brake system > rotors,rest
books > engineering & transportation > engineering > bioengineering > biotechnology,books
jewelry & watch store > watches > men's watches > more brands men's watches,rest
books,books
"home > furniture > living room furniture > sofas, loveseats & sectionals",rest
 clothing  >  bags  >  handbags  >  tote bags ,rest
"target > sports, fitness & outdoors > fan shop > home > d?cor",rest
target > clothing > women's clothing > outerwear,rest
"target > movies, music & books > music > see more genres",music
target > home > home d?cor > rugs > runners,rest
music,music
target > clothing > men's clothing > pants > chino pants,rest
11320,rest
music on cd or vinyl > latin music on cd or vinyl record > salsa music on cd or vinyl,music
david mcfarlane,books
 home  >  decor  >  curtains & window treatments  >  blinds & shades ,rest
music,music
home & kitchen > kitchen & dining > dining & entertaining > bar tools & glasses > coasters,rest
home goods > art gallery > metal art,rest
automotive > replacement parts > window regulators & motors > window regulator & motor assemblies,rest
books > parenting & relationships > family relationships > siblings,books
movies & tv > blu-ray > movies & tv > blu-ray > movies > movies & tv > genre for featured categories > horror > movies & tv > movies > movies & tv > science fiction & fantasy > fantasy,videos
"target > movies, music & books > books > kids' books",books
target > clothing > men's clothing > pants > chino pants,rest
target > clothing > women's clothing > tops,rest
best buy > video games > all video games > pre-owned games,rest
 online shopping  >  luggage & bags  >  bags  >  backpacks ,rest
electronics > accessories & supplies > batteries chargers & accessories > power strips,rest
best buy > audio & mp3 > ipod & mp3 player accessories > cases & armbands > hard cases,rest
automotive > replacement parts > gaskets > valve cover & stem > valve cover gasket sets,rest
music,music
industrial & scientific > lab & scientific products > lab supplies & consumables > lab consumables > lab stoppers,rest
 online shopping  >  electronics  >  computers & tablets  >  laptops  >  laptops ,rest
target > clothing > boys' clothing > activewear > bottoms,rest
target > clothing > men's clothing > underwear & undershirts > underwear,rest
 target  >  luggage  >  travel accessories ,rest
target > home > dining & entertaining > glassware & drinkware > champagne glasses & flutes,rest
 online shopping  >  home & garden  >  art gallery  >  contemporary art  >  canvas ,rest
best buy > appliances > small kitchen appliances > pots & pans,rest
books,books
target > clothing > women's clothing > athleisure,rest
books,books
clothing shoes & jewelry > novelty & more > clothing > novelty > baby > baby boys > tops,rest
toys & games > games > trading card games > single cards,rest
jewelry > wedding & engagement rings > wedding bands,rest
movies & tv > tv shows > sports > baseball,videos
"target > movies, music & books > music > blues",music
target > home > home d?cor > rugs > accent rugs,rest
books > textbooks > education,books
clothing & shoe store > shoes > women's shoes > heels,rest
clothing > men > men's bottoms > men's pants,rest
 online shopping  >  health & beauty  >  healthcare & supplies  >  first aid  >  antibacterial ,rest
movies & tv > tv shows > sports > auto sports,videos
 online shopping  >  worldstock fair trade  >  world jewelry  >  other jewelry  >  anklets  >  novica ,rest
electronics > camera & photo > accessories > telescope & microscope accessories > microscope accessories > adapters,rest
best buy > computers & tablets > ipad & tablet accessories > cases covers & keyboard folios,rest
"target > movies, music & books > movies > action & adventure",videos
online shopping >  home & garden >  furniture >  home office furniture >  file cabinets,rest
toys & games,rest
"target > movies, music & books > music > rock",music
books > self-help > motivational,books
home goods > home improvement store > toilets > toilet seats,rest
music,music
best buy > cell phones > cell phone accessories > cell phone cases & clips,rest
target > clothing ways to shop,rest
 home improvement  >  paint & home decor  >  wallpaper  >  wall decals ,rest
best buy > car electronics & gps > car video > headrest dvd players,rest
books > religion & spirituality > judaism > theology,books
target > clothing > baby & toddler girls' clothing > tops,rest
best buy > cell phones > cell phone accessories > cell phone cases & clips,rest
music,music
electronics > office > office supplies > filing & storage,rest
"target > movies, music & books > movies > sci-fi & fantasy",videos
movies & tv > genre for featured categories > drama > movies & tv > genre for featured categories > fantasy > movies & tv > genre for featured categories > foreign films > movies & tv > genre for featured categories > romance > movies & tv > movies > movies & tv > science fiction & fantasy,videos
books > comics & graphic novels > graphic novels > literary,books
target > clothing > women's clothing > swimsuits > one-piece,rest
music,music
sports & outdoors > sports fan shop > for the home fan shop > decor fan shop > wall art fan shop,rest
hobbies & collectibles,rest
"target > movies, music & books > movies > comedy",videos
tools & home improvement > building supplies > building materials > flooring > accessories > finish compound,rest
 online shopping  >  clothing & shoes  >  women's clothing  >  tops  >  short sleeve shirts ,rest
movies & tv > 4-for-3 dvd > movies & tv > genre for featured categories > drama > movies & tv > independently distributed > drama > movies & tv > movies,videos
automotive > replacement parts > ignition parts > spark plugs & wires > spark plugs,rest
home goods > home decor store > lighting & ceiling fans > chandeliers & pendant lighting,rest
home > john sherwood,books
electronics,rest
music,music
digital music > songs > rock,music
"target > movies, music & books > books > see more genres > history",books
cds & vinyl > pop > vocal pop > cds & vinyl > rock > cds & vinyl > world music > europe > british isles > britain > movies & tv > genre for featured categories > arts & entertainment > movies & tv > genre for featured categories > music videos & concerts > movies & tv > genre for featured categories > performing arts > movies & tv > genre for featured categories > special interests > movies & tv > music artists > the beatles > paul mccartney > movies & tv > studio specials > lionsgate home entertainment > all lionsgate titles > movies & tv > tv,music
music,music
books,books
 online shopping  >  home & garden  >  home decor  >  window treatments  >  curtains ,rest
automotive > replacement parts > brake system > calipers & parts > calipers > calipers without pads,rest
target > shoes > women's shoes > boots > winter boots,rest
target > clothing > women's clothing > juniors > juniors' tops > hoodies & sweatshirts,rest
office > shipping and moving > shipping supplies > envelopes,rest
 online shopping  >  clothing & shoes  >  shoes  >  women's shoes  >  wedges ,rest
home goods > furniture store > bedroom furniture > bedroom sets & collections,rest
books,books
books & media > movies > comedy > comedy,videos
books > literature & fiction > world literature > caribbean & latin american,books
"target > movies, music & books > books > religion",books
"target > movies, music & books > movies > action & adventure",videos
 online shopping  >  home & garden  >  art gallery  >  photography  >  canvas ,rest
target > pets > dog supplies > dog beds & blankets,rest
target > clothing > boys' clothing > tops,rest
party & occasions > crafts > art supplies,rest
music,music
best buy > office > office & school supplies > printer ink & toner > toner,rest
automotive > replacement parts > motors > wiper,rest
best buy > audio > headphones > earbud & in-ear headphones,rest
music on cd or vinyl > christian + gospel music on cd or vinyl > southern gospel music on cd or vinyl > christian > christian > gospel,music
office products > office & school supplies > desk accessories & workspace organizers > desk supplies holders & dispensers > pencil holders,rest
grocery & gourmet food > breakfast foods > cereals,rest
industrial & scientific > power transmission products > belts > v-belts,rest
"target > movies, music & books > music > rock",music
best buy > health fitness & beauty > personal care & beauty > massagers & spa,rest
target > sports & outdoors > exercise & fitness > yoga & pilates,rest
books,books
"target > movies, music & books > books > see more genres > art, photography & design",books
sports & outdoors > outdoor sports > hunting > game management > game calls,rest
"target > movies, music & books > music > blues",music
"black, uyless",books
best buy > cell phones > all cell phones with plans,rest
best buy > office > office & school supplies > printer ink & toner > toner,rest
best buy > video games > xbox 360 > xbox 360 accessories,rest
 online shopping  >  clothing & shoes  >  shoes  >  women's shoes  >  athletic ,rest
"target > movies, music & books > music > pop",music
best buy > office > office & school supplies > pens pencils & markers,rest
target > shoes > women's shoes > boots > ankle boots,rest
"target > movies, music & books > music > see more genres",music
11320,rest
electronics > headphones > earbud headphones,rest
 home  >  decor  >  curtains & window treatments  >  blinds & shades ,rest
movies & tv > movies > action & adventure > martial arts,videos
,books
industrial & scientific > fasteners > anchors > drive anchors,rest
 pets  >  dogs  >  collars & leashes ,rest
movies & tv > movies,videos
tools & home improvement > hardware > door hardware & locks > door levers,rest
best buy > office > office & school supplies > printer ink & toner > remanufactured toner,rest
 home  >  kids' rooms  >  kids' decor  >  kids' wall decals ,rest
movies & tv > tv shows > drama,videos
home goods > home decor store > area rugs store > accent rugs,rest
party & occasions > crafts > sewing > notions,rest
books > health fitness & dieting > exercise & fitness > weight training,books
collectibles & fine art > sports > photographs,rest
electronics > computers & accessories > computer accessories & peripherals > cables & interconnects > ethernet cables > cat 5e cables,rest
books,books
jewelry & watch store > jewelry store > rings > gemstone rings,rest
best buy > car electronics & gps > car installation parts & accessories > car audio installation parts > deck installation parts > antennas & adapters,rest
clothing & shoe store > men's clothing store > shirts > men's t-shirts,rest
office > office technology > projectors & presentation equipment,rest
toys & games,rest
best buy > cameras & camcorders > digital cameras > point & shoot cameras > all point & shoot cameras,rest
pets > fish > aquarium decor,rest
 home  >  decor  >  curtains & window treatments  >  blinds & shades ,rest
clothing & shoe store > shoes > women's shoes > wedges,rest
 home  >  decor  >  curtains & window treatments  >  blinds & shades ,rest
,books
"target > movies, music & books > movies > action & adventure",videos
best buy > computers & tablets > desktop & all-in-one computers > all desktops,rest
home goods > home decor store > decorative accessories > doormats,rest
books & media > movies > science fiction/fantasy,videos
